customer_id,Recency,Frequency,Monetary,Cluster,R_Score,F_Score,M_Score,RFM_Total,RFM_Tier,PCA1,PCA2,Segment,SegmentEmoji,SegmentColor
C01001,204,3,87.18,1,1,2,1,4,Low Value,0.6021345351043428,-0.06536931301547604,Lost / Inactive,❌,#ef4444
C01002,56,15,4815.49,0,4,4,4,12,High Value,-0.45853579899686797,-0.05545097152401152,Champions,🏆,#22c55e
C01003,58,5,1778.6000000000001,3,4,2,4,10,Mid Value,-0.1189884550036245,0.13635370679075764,Loyal Customers,💛,#f59e0b
C01004,40,1,154.51,2,4,1,1,6,Low Value,0.4434710320758841,0.5616790764548839,At-Risk Customers,⚠️,#f97316
C01005,66,5,665.23,2,4,2,2,8,Mid Value,0.08327306401643576,0.16794891793903952,At-Risk Customers,⚠️,#f97316
C01006,12,3,429.46,2,5,2,2,9,Mid Value,0.07237507546796935,0.5549778332838595,At-Risk Customers,⚠️,#f97316
C01007,361,2,110.84,1,1,1,1,3,Low Value,0.7532019140429703,-0.16101507007909086,Lost / Inactive,❌,#ef4444
C01008,202,9,1340.21,3,1,4,3,8,Mid Value,-0.007526890050202337,-0.38191454778063216,Loyal Customers,💛,#f59e0b
C01009,119,14,4988.55,3,2,4,5,11,Mid Value,-0.31395374699619055,-0.2868122970858881,Loyal Customers,💛,#f59e0b
C01010,96,8,1377.57,3,3,3,3,9,Mid Value,-0.11474020453406798,-0.11501059881064941,Loyal Customers,💛,#f59e0b
C01011,47,3,826.66,2,4,2,3,9,Mid Value,0.07567911041016531,0.31977810107121474,At-Risk Customers,⚠️,#f97316
C01012,180,7,1286.06,3,2,3,3,8,Mid Value,0.05375976449909119,-0.28616370311964234,Loyal Customers,💛,#f59e0b
C01013,361,4,186.29,1,1,2,1,4,Low Value,0.5911856066810035,-0.2637508701618978,Lost / Inactive,❌,#ef4444
C01014,283,1,41.0,1,1,1,1,3,Low Value,0.809899268269702,-0.013811746203406411,Lost / Inactive,❌,#ef4444
C01015,185,10,1765.21,3,2,4,4,10,Mid Value,-0.08493772516955789,-0.38379674019163473,Loyal Customers,💛,#f59e0b
C01016,43,18,5378.46,0,4,5,5,14,High Value,-0.5506199677939723,-0.014294985754892684,Champions,🏆,#22c55e
C01017,83,6,2293.19,3,3,3,4,10,Mid Value,-0.11837013709448123,-0.03496611704561373,Loyal Customers,💛,#f59e0b
C01018,75,4,649.13,2,3,2,2,7,Mid Value,0.15638340877818924,0.14455458197264398,At-Risk Customers,⚠️,#f97316
C01019,23,33,23964.93,0,5,5,5,15,High Value,-0.7343953655531522,0.029374673587361413,Champions,🏆,#22c55e
C01020,275,3,495.45,1,1,2,2,5,Low Value,0.4643426327906566,-0.19346082499704487,Lost / Inactive,❌,#ef4444
C01021,28,19,13778.08,0,5,5,5,15,High Value,-0.6638313914159886,0.04345701633395314,Champions,🏆,#22c55e
C01022,70,20,6545.39,0,3,5,5,13,High Value,-0.5130056884204861,-0.1890528480443084,Champions,🏆,#22c55e
C01023,165,5,929.11,3,2,2,3,7,Mid Value,0.1794520236389673,-0.16506280711387183,Loyal Customers,💛,#f59e0b
C01024,17,31,23561.66,0,5,5,5,15,High Value,-0.746538341656341,0.061598624349281365,Champions,🏆,#22c55e
C01025,207,4,736.43,1,1,2,2,5,Low Value,0.32251768153886656,-0.1953699746945146,Lost / Inactive,❌,#ef4444
C01026,340,4,217.59,1,1,2,1,4,Low Value,0.5441834816253455,-0.22626029525554303,Lost / Inactive,❌,#ef4444
C01027,77,3,499.07,2,3,2,2,7,Mid Value,0.2500405226339604,0.18881093743444843,At-Risk Customers,⚠️,#f97316
C01028,154,1,312.64,1,2,1,1,4,Low Value,0.5940956064253218,0.11427232458584803,Lost / Inactive,❌,#ef4444
C01029,114,2,115.97,1,3,1,1,5,Low Value,0.5582676980433132,0.1864586345286297,Lost / Inactive,❌,#ef4444
C01030,71,2,394.91,2,3,1,2,6,Low Value,0.3429846204622398,0.28598527998675244,At-Risk Customers,⚠️,#f97316
C01031,236,2,138.26,1,1,1,1,3,Low Value,0.6782772731827343,-0.04849656540951959,Lost / Inactive,❌,#ef4444
C01032,79,19,5852.57,0,3,5,5,13,High Value,-0.4626222084545253,-0.22690013092189293,Champions,🏆,#22c55e
C01033,82,6,2072.74,3,3,3,4,10,Mid Value,-0.11548314642561551,-0.026342088776411067,Loyal Customers,💛,#f59e0b
C01034,36,3,609.55,2,5,2,2,9,Mid Value,0.09334110932430655,0.40682002558115443,At-Risk Customers,⚠️,#f97316
C01035,144,9,1383.99,3,2,4,4,10,Mid Value,-0.0846933935022506,-0.25431927690711226,Loyal Customers,💛,#f59e0b
C01036,361,2,109.16,1,1,1,1,3,Low Value,0.7544571884722397,-0.1605081964490824,Lost / Inactive,❌,#ef4444
C01037,132,9,1695.08,3,2,4,4,10,Mid Value,-0.13709305808531252,-0.22646647752997706,Loyal Customers,💛,#f59e0b
C01038,39,8,770.12,2,4,3,3,10,Mid Value,-0.15305059141191285,0.21899334382510405,At-Risk Customers,⚠️,#f97316
C01039,15,28,18819.29,0,5,5,5,15,High Value,-0.7418212269130404,0.08163243646689543,Champions,🏆,#22c55e
C01040,30,29,18652.12,0,5,5,5,15,High Value,-0.7001507638465475,0.006467994583110404,Champions,🏆,#22c55e
C01041,73,19,6080.4400000000005,0,3,5,5,13,High Value,-0.4823665444218908,-0.19971235410730578,Champions,🏆,#22c55e
C01042,249,3,209.85,1,1,2,1,4,Low Value,0.5682071437892281,-0.12594961634199986,Lost / Inactive,❌,#ef4444
C01043,150,5,1007.38,3,2,2,3,7,Mid Value,0.14308404691499066,-0.13286742706782365,Loyal Customers,💛,#f59e0b
C01044,192,5,839.71,3,1,2,3,6,Low Value,0.24124875557913183,-0.21256141192409025,Loyal Customers,💛,#f59e0b
C01045,208,7,1302.72,3,1,3,3,7,Mid Value,0.0773958727525543,-0.33415482844175265,Loyal Customers,💛,#f59e0b
C01046,274,4,268.53,1,1,2,1,4,Low Value,0.49535232269758284,-0.19377014702159112,Lost / Inactive,❌,#ef4444
C01047,135,6,747.44,3,2,3,2,7,Mid Value,0.1407215965127355,-0.09442821605589051,Loyal Customers,💛,#f59e0b
C01048,175,8,1321.44,3,2,3,3,8,Mid Value,0.0041568334445219336,-0.3120581895172926,Loyal Customers,💛,#f59e0b
C01049,159,10,2365.29,3,2,4,4,10,Mid Value,-0.1488685641579347,-0.32970160163224727,Loyal Customers,💛,#f59e0b
C01050,26,34,26091.97,0,5,5,5,15,High Value,-0.7396653007366085,0.014625237924068165,Champions,🏆,#22c55e
C01051,50,2,339.13,2,4,1,2,7,Mid Value,0.3008762389408297,0.4224095080125218,At-Risk Customers,⚠️,#f97316
C01052,52,4,595.96,2,4,2,2,8,Mid Value,0.09756182441125845,0.28062290874188583,At-Risk Customers,⚠️,#f97316
C01053,361,2,154.5,1,1,1,1,3,Low Value,0.7368833464624631,-0.16760442726920274,Lost / Inactive,❌,#ef4444
C01054,55,3,499.38,2,4,2,2,8,Mid Value,0.1809976186550558,0.3100972661876452,At-Risk Customers,⚠️,#f97316
C01055,314,2,139.79000000000002,1,1,1,1,3,Low Value,0.7067553549754575,-0.1051872051875736,Lost / Inactive,❌,#ef4444
C01056,65,6,1148.9,3,4,3,3,10,Mid Value,-0.08028369241108135,0.09548354043918479,Loyal Customers,💛,#f59e0b
C01057,173,4,532.78,1,2,2,2,6,Low Value,0.33575053563345486,-0.11970572860498346,Lost / Inactive,❌,#ef4444
C01058,74,13,4799.95,0,3,4,4,11,Mid Value,-0.3722095984874649,-0.14051746512632132,Champions,🏆,#22c55e
C01059,101,13,3310.46,3,3,4,4,11,Mid Value,-0.27201853831871076,-0.21832775127697684,Loyal Customers,💛,#f59e0b
C01060,309,3,247.81,1,1,2,1,4,Low Value,0.5713642259093623,-0.17581726381066287,Lost / Inactive,❌,#ef4444
C01061,36,3,705.87,2,5,2,2,9,Mid Value,0.0720014440267249,0.39820317387100995,At-Risk Customers,⚠️,#f97316
C01062,45,5,1795.77,2,4,2,4,10,Mid Value,-0.16362417365372262,0.2110257352974467,At-Risk Customers,⚠️,#f97316
C01063,36,19,5266.83,0,5,5,5,15,High Value,-0.5846763285532495,0.020015107253413666,Champions,🏆,#22c55e
C01064,7,1,116.02000000000001,2,5,1,1,7,Mid Value,0.3568528809026647,0.7504513635897935,At-Risk Customers,⚠️,#f97316
C01065,330,4,267.31,1,1,2,1,4,Low Value,0.5181991604210127,-0.22929436047653579,Lost / Inactive,❌,#ef4444
C01066,312,5,363.63,1,1,2,2,5,Low Value,0.43366680198208546,-0.26272010698450005,Lost / Inactive,❌,#ef4444
C01067,53,2,659.19,2,4,1,2,7,Mid Value,0.21324073343385266,0.3561241520595983,At-Risk Customers,⚠️,#f97316
C01068,88,17,4522.58,0,3,5,4,12,High Value,-0.3800224486144433,-0.22575855439497455,Champions,🏆,#22c55e
C01069,108,6,1057.06,3,3,3,3,9,Mid Value,0.033842740662467896,-0.07365729438075787,Loyal Customers,💛,#f59e0b
C01070,36,10,6150.22,0,5,4,5,14,High Value,-0.49624936245642937,0.08726748216294601,Champions,🏆,#22c55e
C01071,38,10,3078.85,0,4,4,4,12,High Value,-0.40613828981575234,0.1076718700595919,Champions,🏆,#22c55e
C01072,50,2,315.36,2,4,1,1,6,Low Value,0.3046420622286382,0.42393012890254733,At-Risk Customers,⚠️,#f97316
C01073,85,2,494.06,2,3,1,2,6,Low Value,0.34985435069065385,0.20458727503458854,At-Risk Customers,⚠️,#f97316
C01074,84,15,4141.89,3,3,4,4,11,Mid Value,-0.3471536193237459,-0.19480135175164218,Loyal Customers,💛,#f59e0b
C01075,70,8,1091.82,3,3,3,3,9,Mid Value,-0.138772353237089,0.013796171646875978,Loyal Customers,💛,#f59e0b
C01076,113,3,565.17,1,3,2,2,7,Mid Value,0.29552009217816294,0.060140786232287594,Lost / Inactive,❌,#ef4444
C01077,33,2,365.75,2,5,1,2,8,Mid Value,0.23477490599486045,0.5107886542066151,At-Risk Customers,⚠️,#f97316
C01078,37,2,211.01,2,4,1,1,6,Low Value,0.3177671607796273,0.5080746074468586,At-Risk Customers,⚠️,#f97316
C01079,19,35,25723.94,0,5,5,5,15,High Value,-0.7570079335913642,0.04489763727744395,Champions,🏆,#22c55e
C01080,27,1,299.14,2,5,1,1,7,Mid Value,0.3233215300371069,0.6090554151278547,At-Risk Customers,⚠️,#f97316
C01081,143,6,891.83,3,2,3,3,8,Mid Value,0.11140247419499058,-0.13290383198602893,Loyal Customers,💛,#f59e0b
C01082,56,4,665.37,2,4,2,2,8,Mid Value,0.09257711360356058,0.25090794033631447,At-Risk Customers,⚠️,#f97316
C01083,89,5,1473.3,3,3,2,4,9,Mid Value,-0.015622119260045593,-0.00516796377132981,Loyal Customers,💛,#f59e0b
C01084,34,19,5627.32,0,5,5,5,15,High Value,-0.602465681650221,0.029879341342854884,Champions,🏆,#22c55e
C01085,79,9,2950.75,3,3,4,4,11,Mid Value,-0.25299394466689634,-0.10385728021074328,Loyal Customers,💛,#f59e0b
C01086,77,7,939.91,3,3,3,3,9,Mid Value,-0.046919708577212456,0.0162631020821033,Loyal Customers,💛,#f59e0b
C01087,213,2,259.1,1,1,1,1,3,Low Value,0.6048612099328877,-0.05470131510686927,Lost / Inactive,❌,#ef4444
C01088,83,17,5212.15,0,3,5,5,13,High Value,-0.41307241249516763,-0.218860075898848,Champions,🏆,#22c55e
C01089,40,16,14284.23,0,4,5,5,14,High Value,-0.5906058296867864,-0.0049534563226197115,Champions,🏆,#22c55e
C01090,361,5,375.82,1,1,2,2,5,Low Value,0.4622526393184076,-0.3278909792173336,Lost / Inactive,❌,#ef4444
C01091,56,4,406.92,2,4,2,2,8,Mid Value,0.16412775607192245,0.27979973724679874,At-Risk Customers,⚠️,#f97316
C01092,78,1,125.56,2,3,1,1,5,Low Value,0.5722311413108115,0.35795946581233146,At-Risk Customers,⚠️,#f97316
C01093,157,1,333.58000000000004,1,2,1,2,5,Low Value,0.5937191646149959,0.10666204357666263,Lost / Inactive,❌,#ef4444
C01094,136,2,674.0,1,2,1,2,5,Low Value,0.3711072642684085,0.0586762438530806,Lost / Inactive,❌,#ef4444
C01095,186,10,1284.76,3,2,4,3,9,Mid Value,-0.03481631008768739,-0.36888529947928367,Loyal Customers,💛,#f59e0b
C01096,158,7,893.14,3,2,3,3,8,Mid Value,0.08958755832053052,-0.20137573168995831,Loyal Customers,💛,#f59e0b
C01097,62,9,2507.45,0,4,4,4,12,High Value,-0.29997928145240554,-0.005628253045325414,Champions,🏆,#22c55e
C01098,10,1,264.74,2,5,1,1,7,Mid Value,0.29227831902177487,0.7062635184741972,At-Risk Customers,⚠️,#f97316
C01099,160,2,267.12,1,2,1,1,4,Low Value,0.5407680350368415,0.0494052667356041,Lost / Inactive,❌,#ef4444
C01100,8,18,16604.18,0,5,5,5,15,High Value,-0.7153702067580084,0.15464809674106175,Champions,🏆,#22c55e
C01101,104,10,1668.5,3,3,4,4,11,Mid Value,-0.18817951709938843,-0.19001684982526382,Loyal Customers,💛,#f59e0b
C01102,79,5,616.64,2,3,2,2,7,Mid Value,0.13350363982644722,0.09979793699477872,At-Risk Customers,⚠️,#f97316
C01103,50,12,4683.62,0,4,4,4,12,High Value,-0.4357326396142058,0.014649597609436025,Champions,🏆,#22c55e
C01104,298,4,362.5,1,1,2,2,5,Low Value,0.46823867606226977,-0.21963505527014116,Lost / Inactive,❌,#ef4444
C01105,278,1,121.79,1,1,1,1,3,Low Value,0.7850806594057292,-0.021702442282378914,Lost / Inactive,❌,#ef4444
C01106,163,5,969.3,3,2,2,3,7,Mid Value,0.16408365731162566,-0.15954833025240225,Loyal Customers,💛,#f59e0b
C01107,310,1,46.129999999999995,1,1,1,1,3,Low Value,0.8183279409189518,-0.031717648745301204,Lost / Inactive,❌,#ef4444
C01108,93,5,2059.2,3,3,2,4,9,Mid Value,-0.04282532798426813,-0.03639637650786838,Loyal Customers,💛,#f59e0b
C01109,166,7,902.95,3,2,3,3,8,Mid Value,0.10054497328300954,-0.23211162391460502,Loyal Customers,💛,#f59e0b
C01110,34,15,5123.97,0,5,4,5,14,High Value,-0.5389839283827975,0.06975372701388889,Champions,🏆,#22c55e
C01111,10,45,35479.19,0,5,5,5,15,High Value,-0.8466030576759387,0.06648648872239743,Champions,🏆,#22c55e
C01112,95,2,278.91,1,3,1,1,5,Low Value,0.4448255903252806,0.20244841153252263,Lost / Inactive,❌,#ef4444
C01113,53,18,5291.38,0,4,5,5,14,High Value,-0.5166365909302453,-0.06982808245850668,Champions,🏆,#22c55e
C01114,32,2,154.75,2,5,1,1,7,Mid Value,0.3310364017835958,0.5560513796508524,At-Risk Customers,⚠️,#f97316
C01115,83,11,3552.27,3,3,4,4,11,Mid Value,-0.2941880518725649,-0.15102624147099497,Loyal Customers,💛,#f59e0b
C01116,307,1,63.12,1,1,1,1,3,Low Value,0.8104016590783178,-0.028525434591769244,Lost / Inactive,❌,#ef4444
C01117,165,3,395.4,1,2,2,2,6,Low Value,0.4182529168942392,-0.04159675295174078,Lost / Inactive,❌,#ef4444
C01118,44,19,4790.1,0,4,5,4,13,High Value,-0.5387321602943553,-0.02109906924974203,Champions,🏆,#22c55e
C01119,17,10,8290.84,0,5,4,5,14,High Value,-0.5628348927563245,0.17651657980263363,Champions,🏆,#22c55e
C01120,122,8,1086.04,3,2,3,3,8,Mid Value,-0.04261439743832966,-0.15620743805960272,Loyal Customers,💛,#f59e0b
C01121,101,19,5916.04,0,3,5,5,13,High Value,-0.42272070780008747,-0.30135287742741884,Champions,🏆,#22c55e
C01122,125,6,875.16,3,2,3,3,8,Mid Value,0.09481381516321875,-0.08100151343827322,Loyal Customers,💛,#f59e0b
C01123,63,14,9416.69,0,4,4,5,13,High Value,-0.4724458072685694,-0.10149110949712233,Champions,🏆,#22c55e
C01124,94,8,1184.8899999999999,3,3,3,3,9,Mid Value,-0.09253990007223348,-0.09965341753691348,Loyal Customers,💛,#f59e0b
C01125,17,11,6338.66,0,5,4,5,14,High Value,-0.5668597203980222,0.17038480256418728,Champions,🏆,#22c55e
C01126,21,6,781.78,2,5,3,3,11,Mid Value,-0.12411616263007944,0.3675914877414351,At-Risk Customers,⚠️,#f97316
C01127,133,6,892.78,3,2,3,3,8,Mid Value,0.09339761001082099,-0.10607913298702766,Loyal Customers,💛,#f59e0b
C01128,71,17,4004.18,0,3,5,4,12,High Value,-0.40408957904230386,-0.14384649925374413,Champions,🏆,#22c55e
C01129,158,10,1614.77,3,2,4,4,10,Mid Value,-0.11642874662943592,-0.3134061592852351,Loyal Customers,💛,#f59e0b
C01130,33,17,4446.9,0,5,5,4,14,High Value,-0.5386600565243425,0.07031252873594045,Champions,🏆,#22c55e
C01131,74,3,592.56,2,3,2,2,7,Mid Value,0.2203799402307284,0.18961975581141902,At-Risk Customers,⚠️,#f97316
C01132,109,8,1604.43,3,3,3,4,10,Mid Value,-0.11825412982529775,-0.16117915849577236,Loyal Customers,💛,#f59e0b
C01133,59,8,1127.22,3,4,3,3,10,Mid Value,-0.17255841246830764,0.06621254038369848,Loyal Customers,💛,#f59e0b
C01134,340,2,171.3,1,1,1,1,3,Low Value,0.6999234168409646,-0.12605886332277855,Lost / Inactive,❌,#ef4444
C01135,35,2,233.02,2,5,1,1,7,Mid Value,0.29205152584202193,0.5211310556898318,At-Risk Customers,⚠️,#f97316
C01136,243,6,1222.72,3,1,3,3,7,Mid Value,0.1467334979459788,-0.3317309289753098,Loyal Customers,💛,#f59e0b
C01137,29,2,181.01,2,5,1,1,7,Mid Value,0.31025230247415925,0.565771817925871,At-Risk Customers,⚠️,#f97316
C01138,1,2,541.4200000000001,2,5,1,2,8,Mid Value,0.09046871143931413,0.6347135435328282,At-Risk Customers,⚠️,#f97316
C01139,25,6,668.77,2,5,3,2,10,Mid Value,-0.09377406524041274,0.3627959899520789,At-Risk Customers,⚠️,#f97316
C01140,79,15,3048.67,3,3,4,4,11,Mid Value,-0.33637673372362653,-0.16168206375043417,Loyal Customers,💛,#f59e0b
C01141,12,3,422.65,2,5,2,2,9,Mid Value,0.07488562432650836,0.5559915805438765,At-Risk Customers,⚠️,#f97316
C01142,46,7,716.37,2,4,3,2,9,Mid Value,-0.0752928451954209,0.21363788780903978,At-Risk Customers,⚠️,#f97316
C01143,7,27,19399.06,0,5,5,5,15,High Value,-0.7673844827536977,0.129386177688003,Champions,🏆,#22c55e
C01144,30,10,6908.2300000000005,0,5,4,5,14,High Value,-0.5226647058351591,0.11815434676107359,Champions,🏆,#22c55e
C01145,209,8,1335.04,3,1,3,3,7,Mid Value,0.031666520529392936,-0.36700892640415755,Loyal Customers,💛,#f59e0b
C01146,148,5,557.26,1,2,2,2,6,Low Value,0.2506430125671514,-0.08304283895350996,Lost / Inactive,❌,#ef4444
C01147,82,6,1795.42,3,3,3,4,10,Mid Value,-0.09916457884511189,-0.019752731586300604,Loyal Customers,💛,#f59e0b
C01148,17,43,34714.090000000004,0,5,5,5,15,High Value,-0.8099085437141736,0.028078482840034797,Champions,🏆,#22c55e
C01149,57,15,4489.9400000000005,0,4,4,4,12,High Value,-0.4397962446467341,-0.053211371561872514,Champions,🏆,#22c55e
C01150,53,20,7023.53,0,4,5,5,14,High Value,-0.5693517056537166,-0.0988654893313442,Champions,🏆,#22c55e
C01151,101,7,1895.22,3,3,3,4,10,Mid Value,-0.1094483203142582,-0.11446697047248226,Loyal Customers,💛,#f59e0b
C01152,84,7,791.02,3,3,3,3,9,Mid Value,0.020632811245993532,-0.0001437092469410521,Loyal Customers,💛,#f59e0b
C01153,157,1,277.83,1,2,1,1,4,Low Value,0.6112930066247666,0.11375827439678066,Lost / Inactive,❌,#ef4444
C01154,16,18,13997.19,0,5,5,5,15,High Value,-0.6819787827918068,0.10846518393782215,Champions,🏆,#22c55e
C01155,183,2,141.55,1,2,1,1,4,Low Value,0.6377124509965522,0.016099123565623496,Lost / Inactive,❌,#ef4444
C01156,46,1,210.33999999999997,2,4,1,1,6,Low Value,0.42874919901013775,0.5163121585876731,At-Risk Customers,⚠️,#f97316
C01157,102,19,5509.32,0,3,5,5,13,High Value,-0.41402334888411,-0.303168266505348,Champions,🏆,#22c55e
C01158,320,1,59.05,1,1,1,1,3,Low Value,0.8184356964625511,-0.040197881200081255,Lost / Inactive,❌,#ef4444
C01159,96,7,1230.11,3,3,3,3,9,Mid Value,-0.05423443888109005,-0.07832079380933986,Loyal Customers,💛,#f59e0b
C01160,117,2,487.36999999999995,1,2,1,2,5,Low Value,0.40107151466320723,0.12085265425637029,Lost / Inactive,❌,#ef4444
C01161,67,14,4719.91,0,4,4,4,12,High Value,-0.40317200911685785,-0.1044172616989838,Champions,🏆,#22c55e
C01162,154,10,1455.31,3,2,4,4,10,Mid Value,-0.10592054729604392,-0.2963773847479927,Loyal Customers,💛,#f59e0b
C01163,166,2,402.1,1,2,1,2,5,Low Value,0.4960987398464454,0.0026003907241665095,Lost / Inactive,❌,#ef4444
C01164,72,3,617.51,2,3,2,2,7,Mid Value,0.20433005891695252,0.19912091208527438,At-Risk Customers,⚠️,#f97316
C01165,129,5,1538.69,3,2,2,4,8,Mid Value,0.03261849195473294,-0.10289011730673926,Loyal Customers,💛,#f59e0b
C01166,148,8,894.91,3,2,3,3,8,Mid Value,0.034066503475250566,-0.20835056828569648,Loyal Customers,💛,#f59e0b
C01167,361,2,205.31,1,1,1,1,3,Low Value,0.7067567601599984,-0.17976939438940523,Lost / Inactive,❌,#ef4444
C01168,140,4,473.07,1,2,2,2,6,Low Value,0.304312689353106,-0.01626416932505798,Lost / Inactive,❌,#ef4444
C01169,361,1,48.95,1,1,1,1,3,Low Value,0.8529032706802041,-0.09660092934928952,Lost / Inactive,❌,#ef4444
C01170,99,13,3685.54,3,3,4,4,11,Mid Value,-0.28448172052249654,-0.21803298308907315,Loyal Customers,💛,#f59e0b
C01171,64,18,4638.85,0,4,5,4,13,High Value,-0.45783460520254604,-0.11747048308314798,Champions,🏆,#22c55e
C01172,74,5,809.38,2,3,2,3,8,Mid Value,0.07321408031213074,0.10315547663990826,At-Risk Customers,⚠️,#f97316
C01173,228,2,94.52000000000001,1,1,1,1,3,Low Value,0.6882117130732912,-0.03596134391467154,Lost / Inactive,❌,#ef4444
C01174,93,3,808.8,2,3,2,3,8,Mid Value,0.20852830956369908,0.0921384139543477,At-Risk Customers,⚠️,#f97316
C01175,297,2,256.82,1,1,1,1,3,Low Value,0.6380735097212717,-0.11161123688608719,Lost / Inactive,❌,#ef4444
C01176,212,3,379.49,1,1,2,2,5,Low Value,0.47343322178710967,-0.12692748080672484,Lost / Inactive,❌,#ef4444
C01177,74,7,1965.61,3,3,3,4,10,Mid Value,-0.16570477545858098,-0.018916107271529963,Loyal Customers,💛,#f59e0b
C01178,36,2,204.41000000000003,2,5,1,1,7,Mid Value,0.31997263646205876,0.5206853151284471,At-Risk Customers,⚠️,#f97316
C01179,227,9,1317.98,3,1,4,3,8,Mid Value,0.011051733576802412,-0.4042456937372393,Loyal Customers,💛,#f59e0b
C01180,254,3,271.94,1,1,2,1,4,Low Value,0.537219918322507,-0.1448549130257947,Lost / Inactive,❌,#ef4444
C01181,70,3,847.95,2,3,2,3,8,Mid Value,0.14086662901235278,0.19160764694000407,At-Risk Customers,⚠️,#f97316
C01182,68,2,300.96,2,3,1,1,5,Low Value,0.37018782918646237,0.3172136927232911,At-Risk Customers,⚠️,#f97316
C01183,148,9,1225.34,3,2,4,3,9,Mid Value,-0.0580275573114825,-0.2552718910985051,Loyal Customers,💛,#f59e0b
C01184,200,2,167.12,1,1,1,1,3,Low Value,0.6419092964587577,-0.0163011853634713,Lost / Inactive,❌,#ef4444
C01185,140,1,263.69,1,2,1,1,4,Low Value,0.5961569396547747,0.1630507386077542,Lost / Inactive,❌,#ef4444
C01186,105,2,303.95,1,3,1,1,5,Low Value,0.4522144996324594,0.167075170451059,Lost / Inactive,❌,#ef4444
C01187,13,33,25923.11,0,5,5,5,15,High Value,-0.7694366992136402,0.08128416869417537,Champions,🏆,#22c55e
C01188,144,8,1179.97,3,2,3,3,8,Mid Value,-0.022725919017984937,-0.21956292121450724,Loyal Customers,💛,#f59e0b
C01189,170,8,1294.41,3,2,3,3,8,Mid Value,-0.0027296850540408325,-0.2913986368241919,Loyal Customers,💛,#f59e0b
C01190,38,20,4792.15,0,4,5,4,13,High Value,-0.5733526386679549,0.0050002808327910125,Champions,🏆,#22c55e
C01191,162,8,1063.46,3,2,3,3,8,Mid Value,0.017892078347726385,-0.25110763181612433,Loyal Customers,💛,#f59e0b
C01192,355,3,266.27,1,1,2,1,4,Low Value,0.5802952893672283,-0.20843685474092075,Lost / Inactive,❌,#ef4444
C01193,171,2,427.92999999999995,1,2,1,2,5,Low Value,0.493409066810088,-0.009140365511827626,Lost / Inactive,❌,#ef4444
C01194,136,7,1180.83,3,2,3,3,8,Mid Value,0.003169535148901824,-0.16488455092550397,Loyal Customers,💛,#f59e0b
C01195,88,6,1823.16,3,3,3,4,10,Mid Value,-0.09034127093084503,-0.043892090061778306,Loyal Customers,💛,#f59e0b
C01196,163,6,727.87,3,2,3,2,7,Mid Value,0.18593107460566893,-0.1646066915201853,Loyal Customers,💛,#f59e0b
C01197,194,9,1122.97,3,1,4,3,8,Mid Value,0.018331482155841176,-0.3565565131620907,Loyal Customers,💛,#f59e0b
C01198,103,7,975.58,3,3,3,3,9,Mid Value,-0.0031264356366768786,-0.07899299293094594,Loyal Customers,💛,#f59e0b
C01199,30,41,30533.17,0,5,5,5,15,High Value,-0.7541801342570078,-0.022379050794389045,Champions,🏆,#22c55e
C01200,51,6,769.91,2,4,3,3,10,Mid Value,-0.03445009006486798,0.21201397479447331,At-Risk Customers,⚠️,#f97316
C01201,71,8,726.75,3,3,3,2,8,Mid Value,-0.04152426928581212,0.043475257257155626,Loyal Customers,💛,#f59e0b
C01202,52,15,4490.48,0,4,4,4,12,High Value,-0.4560616370477087,-0.02674975037845697,Champions,🏆,#22c55e
C01203,111,2,643.8,1,3,1,2,6,Low Value,0.35326333080736677,0.11007168877082778,Lost / Inactive,❌,#ef4444
C01204,64,16,5228.44,0,4,5,5,14,High Value,-0.4602336028514937,-0.11212998618137723,Champions,🏆,#22c55e
C01205,58,14,4346.0199999999995,0,4,4,4,12,High Value,-0.4134842960022826,-0.04998057500118563,Champions,🏆,#22c55e
C01206,259,2,88.13,1,1,1,1,3,Low Value,0.7020561187046361,-0.05807320787011582,Lost / Inactive,❌,#ef4444
C01207,98,15,5443.3,3,3,4,5,12,High Value,-0.3701599825857627,-0.25843007341727553,Loyal Customers,💛,#f59e0b
C01208,51,13,3767.88,0,4,4,4,12,High Value,-0.41510725053890885,0.008373674766613838,Champions,🏆,#22c55e
C01209,19,13,9287.75,0,5,4,5,14,High Value,-0.5916027698109166,0.1459373721525488,Champions,🏆,#22c55e
C01210,143,7,1072.49,3,2,3,3,8,Mid Value,0.031395718945046176,-0.17692725190846004,Loyal Customers,💛,#f59e0b
C01211,80,8,2284.17,3,3,3,4,10,Mid Value,-0.20443985363957934,-0.08090999038181498,Loyal Customers,💛,#f59e0b
C01212,21,48,30990.78,0,5,5,5,15,High Value,-0.7962829197770179,0.0036990122661252765,Champions,🏆,#22c55e
C01213,12,5,790.07,2,5,2,3,10,Mid Value,-0.10993846847017484,0.45432109247211083,At-Risk Customers,⚠️,#f97316
C01214,52,8,805.51,2,4,3,3,10,Mid Value,-0.12242020911628752,0.14186243335511303,At-Risk Customers,⚠️,#f97316
C01215,21,41,30603.73,0,5,5,5,15,High Value,-0.7772242896129459,0.01626189062734698,Champions,🏆,#22c55e
C01216,104,8,1443.11,3,3,3,4,10,Mid Value,-0.11045379698295325,-0.1420474032517554,Loyal Customers,💛,#f59e0b
C01217,81,10,3484.21,3,3,4,4,11,Mid Value,-0.28245245347743186,-0.13112621347652045,Loyal Customers,💛,#f59e0b
C01218,31,2,544.9,2,5,1,2,8,Mid Value,0.16716921099212545,0.49414448716213366,At-Risk Customers,⚠️,#f97316
C01219,51,2,449.7,2,4,1,2,7,Mid Value,0.2622678048095826,0.395099465060687,At-Risk Customers,⚠️,#f97316
C01220,65,1,146.01,2,4,1,1,6,Low Value,0.5220005655008002,0.4261104467565924,At-Risk Customers,⚠️,#f97316
C01221,84,6,1968.3500000000001,3,3,3,4,10,Mid Value,-0.10145961661645243,-0.03772694375587768,Loyal Customers,💛,#f59e0b
C01222,19,8,803.94,2,5,3,3,11,Mid Value,-0.22090958959576756,0.321579304777552,At-Risk Customers,⚠️,#f97316
C01223,260,2,190.4,1,1,1,1,3,Low Value,0.661600457246594,-0.07653994055158436,Lost / Inactive,❌,#ef4444
C01224,181,5,898.13,3,2,2,3,7,Mid Value,0.2070330793580576,-0.2008063025699796,Loyal Customers,💛,#f59e0b
C01225,90,16,3827.3,3,3,5,4,12,High Value,-0.3462876991403037,-0.21741564077546502,Loyal Customers,💛,#f59e0b
C01226,36,12,8138.69,0,5,4,5,14,High Value,-0.5308662151565019,0.06679990439458816,Champions,🏆,#22c55e
C01227,231,4,281.34999999999997,1,1,2,1,4,Low Value,0.4706764511020485,-0.16324636023904945,Lost / Inactive,❌,#ef4444
C01228,10,42,28539.74,0,5,5,5,15,High Value,-0.8117502799449889,0.08416512598936869,Champions,🏆,#22c55e
C01229,128,9,1428.19,3,2,4,4,10,Mid Value,-0.11856901482237753,-0.20726641265827814,Loyal Customers,💛,#f59e0b
C01230,356,3,252.62,1,1,2,1,4,Low Value,0.5880242535753538,-0.20851234092766133,Lost / Inactive,❌,#ef4444
C01231,200,1,230.26000000000002,1,1,1,1,3,Low Value,0.6851233037788634,0.025303642015947654,Lost / Inactive,❌,#ef4444
C01232,40,8,888.8299999999999,2,4,3,3,10,Mid Value,-0.18384049924612528,0.1969713191745173,At-Risk Customers,⚠️,#f97316
C01233,157,7,1034.76,3,2,3,3,8,Mid Value,0.05955053410697154,-0.20817719432217352,Loyal Customers,💛,#f59e0b
C01234,58,3,627.0699999999999,2,4,2,2,8,Mid Value,0.15872594555900235,0.2755328434831521,At-Risk Customers,⚠️,#f97316
C01235,43,14,5213.34,0,4,4,5,13,High Value,-0.49531224363123016,0.022459030102422905,Champions,🏆,#22c55e
C01236,64,5,582.89,2,4,2,2,8,Mid Value,0.09532341750051478,0.1877313426274874,At-Risk Customers,⚠️,#f97316
C01237,39,33,22621.84,0,4,5,5,14,High Value,-0.683662398934525,-0.05348999574526245,Champions,🏆,#22c55e
C01238,192,7,1384.71,3,1,3,4,8,Mid Value,0.05128560254993214,-0.31486492426519663,Loyal Customers,💛,#f59e0b
C01239,315,1,52.870000000000005,1,1,1,1,3,Low Value,0.8187225761839687,-0.03795110467888407,Lost / Inactive,❌,#ef4444
C01240,346,1,103.5,1,1,1,1,3,Low Value,0.8155668992483749,-0.06266564641205177,Lost / Inactive,❌,#ef4444
C01241,133,3,441.25,1,2,2,2,6,Low Value,0.35554096542575186,0.04069273312319227,Lost / Inactive,❌,#ef4444
C01242,71,11,4024.75,0,3,4,4,11,Mid Value,-0.33792674444903037,-0.0973013572862519,Champions,🏆,#22c55e
C01243,48,12,9592.43,0,4,4,5,13,High Value,-0.49937519369662375,-0.003590676511811498,Champions,🏆,#22c55e
C01244,147,2,367.01,1,2,1,2,5,Low Value,0.48094447942176094,0.06573659187790792,Lost / Inactive,❌,#ef4444
C01245,92,14,4250.9800000000005,3,3,4,4,11,Mid Value,-0.3196577648842439,-0.21027092299170413,Loyal Customers,💛,#f59e0b
C01246,13,6,735.92,2,5,3,2,10,Mid Value,-0.1397364269540006,0.4177539033980018,At-Risk Customers,⚠️,#f97316
C01247,78,7,1273.56,3,3,3,3,9,Mid Value,-0.09625185312905024,-0.011115250497413904,Loyal Customers,💛,#f59e0b
C01248,165,9,1612.31,3,2,4,4,10,Mid Value,-0.08026284349815588,-0.3175237876885357,Loyal Customers,💛,#f59e0b
C01249,28,45,34205.72,0,5,5,5,15,High Value,-0.7933413487440822,-0.029208170292977967,Champions,🏆,#22c55e
C01250,21,19,13341.789999999999,0,5,5,5,15,High Value,-0.6755598834538139,0.07281608348299569,Champions,🏆,#22c55e
C01251,354,3,139.73000000000002,1,1,2,1,4,Low Value,0.6446011649813911,-0.18033952308929113,Lost / Inactive,❌,#ef4444
C01252,187,5,512.22,1,1,2,2,5,Low Value,0.3221600784952155,-0.17562794656115227,Lost / Inactive,❌,#ef4444
C01253,193,5,549.63,1,1,2,2,5,Low Value,0.3112572438968068,-0.18642326516481175,Lost / Inactive,❌,#ef4444
C01254,73,1,351.1,2,3,1,2,6,Low Value,0.4554542324793673,0.3385076921070787,At-Risk Customers,⚠️,#f97316
C01255,91,18,4705.16,0,3,5,4,12,High Value,-0.38993922010931087,-0.2477439179211331,Champions,🏆,#22c55e
C01256,51,12,3224.35,0,4,4,4,12,High Value,-0.3902376869843958,0.021300087868170427,Champions,🏆,#22c55e
C01257,54,2,939.23,2,4,1,3,8,Mid Value,0.13860578266411622,0.32172505484670255,At-Risk Customers,⚠️,#f97316
C01258,308,5,457.25,1,1,2,2,5,Low Value,0.396869208268253,-0.2711859863211635,Lost / Inactive,❌,#ef4444
C01259,14,22,15633.710000000001,0,5,5,5,15,High Value,-0.7262619141747098,0.09594649305004031,Champions,🏆,#22c55e
C01260,19,2,409.38,2,5,1,2,8,Mid Value,0.17740731887424888,0.5696649374372421,At-Risk Customers,⚠️,#f97316
C01261,121,6,1416.76,3,2,3,4,9,Mid Value,-0.007258048872629674,-0.11582482153537922,Loyal Customers,💛,#f59e0b
C01262,27,24,18366.21,0,5,5,5,15,High Value,-0.6999989498929285,0.03036233547377811,Champions,🏆,#22c55e
C01263,58,2,215.14000000000001,2,4,1,1,6,Low Value,0.38033637497967643,0.38737063851041087,At-Risk Customers,⚠️,#f97316
C01264,186,5,413.11,1,2,2,2,6,Low Value,0.3486104035987843,-0.15962009584298525,Lost / Inactive,❌,#ef4444
C01265,21,12,10620.75,0,5,4,5,14,High Value,-0.5840915371789784,0.13480708952442613,Champions,🏆,#22c55e
C01266,139,3,513.7,1,2,2,2,6,Low Value,0.33992210628637276,0.016272959577927387,Lost / Inactive,❌,#ef4444
C01267,153,3,629.9200000000001,1,2,2,2,6,Low Value,0.3298449291273776,-0.03467674477843525,Lost / Inactive,❌,#ef4444
C01268,72,2,312.83,2,3,1,1,5,Low Value,0.379495334454655,0.29220438280221883,At-Risk Customers,⚠️,#f97316
C01269,152,4,599.34,1,2,2,2,6,Low Value,0.28804870213667266,-0.06438473734347451,Lost / Inactive,❌,#ef4444
C01270,10,20,11071.6,0,5,5,5,15,High Value,-0.7230745662055961,0.13313113157255277,Champions,🏆,#22c55e
C01271,76,16,5850.48,0,3,5,5,13,High Value,-0.4355031508918892,-0.1841849837922251,Champions,🏆,#22c55e
C01272,194,6,992.0899999999999,3,1,3,3,7,Mid Value,0.1542819327917448,-0.2679512349361955,Loyal Customers,💛,#f59e0b
C01273,40,12,3563.6400000000003,0,4,4,4,12,High Value,-0.4304974359944704,0.07429881642174191,Champions,🏆,#22c55e
C01274,187,5,716.54,1,1,2,2,5,Low Value,0.2719491013244352,-0.19590289176149212,Lost / Inactive,❌,#ef4444
C01275,144,7,1324.1000000000001,3,2,3,3,8,Mid Value,-0.0023889351016312824,-0.19909307237346957,Loyal Customers,💛,#f59e0b
C01276,49,15,4105.92,0,4,4,4,12,High Value,-0.45484274952781933,0.0014445971370888248,Champions,🏆,#22c55e
C01277,37,3,357.4,2,4,2,2,8,Mid Value,0.1790048436907406,0.42969047200016053,At-Risk Customers,⚠️,#f97316
C01278,32,37,25584.57,0,5,5,5,15,High Value,-0.7262777822349903,-0.019784006500471796,Champions,🏆,#22c55e
C01279,37,16,4654.63,0,4,5,4,13,High Value,-0.5199522132920573,0.0448854849098105,Champions,🏆,#22c55e
C01280,186,8,1155.48,3,2,3,3,8,Mid Value,0.03788831231167032,-0.322943347425809,Loyal Customers,💛,#f59e0b
C01281,165,10,1989.92,3,2,4,4,10,Mid Value,-0.12489240100352487,-0.34239497205963476,Loyal Customers,💛,#f59e0b
C01282,70,2,212.02,2,3,1,1,5,Low Value,0.41770913332088533,0.3257478816876367,At-Risk Customers,⚠️,#f97316
C01283,132,6,794.36,3,2,3,3,8,Mid Value,0.12187428661900278,-0.08818758356324921,Loyal Customers,💛,#f59e0b
C01284,285,1,26.25,1,1,1,1,3,Low Value,0.8133782118360929,-0.014537901834577791,Lost / Inactive,❌,#ef4444
C01285,88,7,1606.85,3,3,3,4,10,Mid Value,-0.11511595129293165,-0.06561307026383581,Loyal Customers,💛,#f59e0b
C01286,110,1,136.62,1,3,1,1,5,Low Value,0.6292768669851667,0.24994169074421274,Lost / Inactive,❌,#ef4444
C01287,27,6,848.1,2,5,3,3,11,Mid Value,-0.13460616850878124,0.33671897626142416,At-Risk Customers,⚠️,#f97316
C01288,13,6,757.33,2,5,3,3,11,Mid Value,-0.14475752467107764,0.41572640887796813,At-Risk Customers,⚠️,#f97316
C01289,164,9,1514.35,3,2,4,4,10,Mid Value,-0.07515218369216864,-0.310132788680513,Loyal Customers,💛,#f59e0b
C01290,241,4,383.78000000000003,1,1,2,2,5,Low Value,0.43312597376756257,-0.18693280159408437,Lost / Inactive,❌,#ef4444
C01291,148,6,1098.46,3,2,3,3,8,Mid Value,0.07415707003661254,-0.1681872337626354,Loyal Customers,💛,#f59e0b
C01292,57,3,964.0300000000001,2,4,2,3,9,Mid Value,0.06678583904621803,0.25012802891410235,At-Risk Customers,⚠️,#f97316
C01293,36,2,513.5600000000001,2,5,1,2,8,Mid Value,0.19444519353510803,0.4699979521275975,At-Risk Customers,⚠️,#f97316
C01294,250,5,929.49,3,1,2,3,6,Low Value,0.24501598405148142,-0.2856229802358968,Loyal Customers,💛,#f59e0b
C01295,111,9,3677.15,3,3,4,4,11,Mid Value,-0.20869828091774462,-0.21382706361215537,Loyal Customers,💛,#f59e0b
C01296,12,25,19660.13,0,5,5,5,15,High Value,-0.7488551985559014,0.10403507697336277,Champions,🏆,#22c55e
C01297,86,10,9484.16,0,3,4,5,12,High Value,-0.3637220247491521,-0.18951369679141286,Champions,🏆,#22c55e
C01298,30,48,31073.71,0,5,5,5,15,High Value,-0.775749313279619,-0.0359556764156277,Champions,🏆,#22c55e
C01299,143,8,1915.93,3,2,3,4,9,Mid Value,-0.09815014031775453,-0.24149510656023684,Loyal Customers,💛,#f59e0b
C01300,7,45,34354.67,0,5,5,5,15,High Value,-0.8548344126926802,0.08127566329750092,Champions,🏆,#22c55e
C01301,13,34,23973.61,0,5,5,5,15,High Value,-0.7687353354268562,0.08066606160249627,Champions,🏆,#22c55e
C01302,67,5,554.7,2,4,2,2,8,Mid Value,0.11099685700396415,0.17061990534444635,At-Risk Customers,⚠️,#f97316
C01303,60,18,4489.38,0,4,5,4,13,High Value,-0.46172637748864354,-0.09666713457562466,Champions,🏆,#22c55e
C01304,104,13,4335.01,3,3,4,4,11,Mid Value,-0.28908998951986786,-0.24013767048545867,Loyal Customers,💛,#f59e0b
C01305,77,5,2215.42,3,3,2,4,9,Mid Value,-0.0829059528165243,0.02732936102168028,Loyal Customers,💛,#f59e0b
C01306,42,6,807.88,2,4,3,3,10,Mid Value,-0.07314949146956326,0.25392261655648257,At-Risk Customers,⚠️,#f97316
C01307,253,5,383.59,1,1,2,2,5,Low Value,0.3991278591302135,-0.22552430026604922,Lost / Inactive,❌,#ef4444
C01308,69,18,5560.78,0,3,5,5,13,High Value,-0.47574850211326547,-0.15986446879798988,Champions,🏆,#22c55e
C01309,124,3,374.46,1,2,2,2,6,Low Value,0.3685415201629927,0.0725789918632203,Lost / Inactive,❌,#ef4444
C01310,44,26,20924.65,0,4,5,5,14,High Value,-0.6542994683678787,-0.0744343049349835,Champions,🏆,#22c55e
C01311,356,3,244.57,1,1,2,1,4,Low Value,0.5905348024338928,-0.20749859366764434,Lost / Inactive,❌,#ef4444
C01312,66,8,2011.52,3,4,3,4,11,Mid Value,-0.23874649713410376,6.380368613932975e-05,Loyal Customers,💛,#f59e0b
C01313,43,14,3459.72,0,4,4,4,12,High Value,-0.44008016874337186,0.04476146982279673,Champions,🏆,#22c55e
C01314,55,2,349.8,2,4,1,2,7,Mid Value,0.3159941124561339,0.3869607807443177,At-Risk Customers,⚠️,#f97316
C01315,68,7,1021.72,3,3,3,3,9,Mid Value,-0.08561910998190998,0.05817174384411169,Loyal Customers,💛,#f59e0b
C01316,108,6,810.38,3,3,3,3,9,Mid Value,0.0915853644088655,-0.050341107400366944,Loyal Customers,💛,#f59e0b
C01317,73,6,2344.64,3,3,3,4,10,Mid Value,-0.14431947657397529,0.008894533049688163,Loyal Customers,💛,#f59e0b
C01318,89,13,4381.11,3,3,4,4,11,Mid Value,-0.32045506198145646,-0.19207105897660784,Loyal Customers,💛,#f59e0b
C01319,20,39,29520.92,0,5,5,5,15,High Value,-0.7727549221336932,0.02998311877771052,Champions,🏆,#22c55e
C01320,63,6,740.53,2,4,3,2,9,Mid Value,0.008338401258437668,0.14618525655815096,At-Risk Customers,⚠️,#f97316
C01321,59,17,6759.74,0,4,5,5,14,High Value,-0.5075076847808699,-0.10995799626701422,Champions,🏆,#22c55e
C01322,146,3,355.59000000000003,1,2,2,2,6,Low Value,0.41150913566411484,0.017477282602873997,Lost / Inactive,❌,#ef4444
C01323,66,2,952.05,2,4,1,3,8,Mid Value,0.1721231556286076,0.25321817264591445,At-Risk Customers,⚠️,#f97316
C01324,46,17,5430.0,0,4,5,5,14,High Value,-0.5322563301951647,-0.024059261713397884,Champions,🏆,#22c55e
C01325,265,4,611.25,1,1,2,2,5,Low Value,0.3762803760947981,-0.23119613289642113,Lost / Inactive,❌,#ef4444
C01326,51,6,1162.99,2,4,3,3,10,Mid Value,-0.1273403978308095,0.17450532617384543,At-Risk Customers,⚠️,#f97316
C01327,91,8,2426.39,3,3,3,4,10,Mid Value,-0.1876720704299885,-0.12208529995359342,Loyal Customers,💛,#f59e0b
C01328,78,7,1444.04,3,3,3,4,10,Mid Value,-0.12135734171444014,-0.021252723097583727,Loyal Customers,💛,#f59e0b
C01329,120,1,229.14,1,2,1,1,4,Low Value,0.5827603444679758,0.21198012500314115,Lost / Inactive,❌,#ef4444
C01330,243,5,376.04,1,1,2,2,5,Low Value,0.3985359062326882,-0.21617411636567457,Lost / Inactive,❌,#ef4444
C01331,131,8,1223.82,3,2,3,3,8,Mid Value,-0.05321215886063079,-0.17859971708483358,Loyal Customers,💛,#f59e0b
C01332,38,19,13407.73,0,4,5,5,14,High Value,-0.6301348942736792,-0.014322856890858014,Champions,🏆,#22c55e
C01333,55,2,289.3,2,4,1,1,6,Low Value,0.33356795446590704,0.39405701156443673,At-Risk Customers,⚠️,#f97316
C01334,183,7,1131.0,3,2,3,3,8,Mid Value,0.0789730086280804,-0.28450646297425247,Loyal Customers,💛,#f59e0b
C01335,39,42,28091.95,0,4,5,5,14,High Value,-0.7214026923933412,-0.07539906636997808,Champions,🏆,#22c55e
C01336,120,6,835.29,3,2,3,3,8,Mid Value,0.09847188290742799,-0.07100066009346769,Loyal Customers,💛,#f59e0b
C01337,26,3,922.79,2,5,2,3,10,Mid Value,-0.020495633658743007,0.4290432585186302,At-Risk Customers,⚠️,#f97316
C01338,112,7,1397.29,3,3,3,4,10,Mid Value,-0.05261951091164269,-0.13094209142920896,Loyal Customers,💛,#f59e0b
C01339,45,19,6182.55,0,4,5,5,14,High Value,-0.5752246808320772,-0.04116190900797586,Champions,🏆,#22c55e
C01340,131,4,415.24,1,2,2,2,6,Low Value,0.3061053363158305,0.01642373123288228,Lost / Inactive,❌,#ef4444
C01341,133,1,82.95,1,2,1,1,4,Low Value,0.6680658304787731,0.2133965534701929,Lost / Inactive,❌,#ef4444
C01342,361,1,31.88,1,1,1,1,3,Low Value,0.8566690939680126,-0.09508030845926402,Lost / Inactive,❌,#ef4444
C01343,34,6,884.49,2,5,3,3,11,Mid Value,-0.12006205443632631,0.29677669595082007,At-Risk Customers,⚠️,#f97316
C01344,172,8,1566.5,3,2,3,4,9,Mid Value,-0.0300406493218623,-0.31414681710595044,Loyal Customers,💛,#f59e0b
C01345,232,3,389.18,1,1,2,2,5,Low Value,0.4803197402856725,-0.14758703349982555,Lost / Inactive,❌,#ef4444
C01346,169,3,701.8199999999999,1,2,2,2,6,Low Value,0.34247044723883296,-0.08498295624942491,Lost / Inactive,❌,#ef4444
C01347,21,27,18033.06,0,5,5,5,15,High Value,-0.7151093619843829,0.04927515850658495,Champions,🏆,#22c55e
C01348,50,18,6144.5599999999995,0,4,5,5,14,High Value,-0.5469968817746019,-0.05118884772638178,Champions,🏆,#22c55e
C01349,361,2,77.64,1,1,1,1,3,Low Value,0.7644993839063958,-0.15645320740901442,Lost / Inactive,❌,#ef4444
C01350,361,2,181.72,1,1,1,1,3,Low Value,0.7205647788819631,-0.17419378445931177,Lost / Inactive,❌,#ef4444
C01351,179,4,607.93,1,2,2,2,6,Low Value,0.32649761072933225,-0.13622762951221756,Lost / Inactive,❌,#ef4444
C01352,128,7,1073.48,3,2,3,3,8,Mid Value,0.006414774173404278,-0.13480650470434685,Loyal Customers,💛,#f59e0b
C01353,55,17,5016.15,0,4,5,5,14,High Value,-0.49133325965334573,-0.06720093273658642,Champions,🏆,#22c55e
C01354,10,34,23083.16,0,5,5,5,15,High Value,-0.7770744459871971,0.10393546863237982,Champions,🏆,#22c55e
C01355,134,5,900.99,3,2,2,3,7,Mid Value,0.13799017537915245,-0.07951997381678289,Loyal Customers,💛,#f59e0b
C01356,306,2,127.93,1,1,1,1,3,Low Value,0.7072213588746936,-0.09221341969039921,Lost / Inactive,❌,#ef4444
C01357,272,4,348.28000000000003,1,1,2,2,5,Low Value,0.4683100446964889,-0.20042781383938377,Lost / Inactive,❌,#ef4444
C01358,36,15,12326.31,0,5,4,5,14,High Value,-0.5852135711785709,0.034038937794014436,Champions,🏆,#22c55e
C01359,137,6,1234.97,3,2,3,3,8,Mid Value,0.034902102643770166,-0.1446158819857899,Loyal Customers,💛,#f59e0b
C01360,43,12,3443.46,0,4,4,4,12,High Value,-0.41676078590672483,0.06066718492107807,Champions,🏆,#22c55e
C01361,97,4,670.07,2,3,2,2,7,Mid Value,0.19755837731658663,0.056764972154357905,At-Risk Customers,⚠️,#f97316
C01362,104,8,1470.96,3,3,3,4,10,Mid Value,-0.1154748947000313,-0.1440748977717894,Loyal Customers,💛,#f59e0b
C01363,79,4,475.11,2,3,2,2,7,Mid Value,0.2134809044475323,0.14416997447988328,At-Risk Customers,⚠️,#f97316
C01364,184,8,1360.67,3,2,3,3,8,Mid Value,0.005627618960989991,-0.32851178079684423,Loyal Customers,💛,#f59e0b
C01365,171,6,940.78,3,2,3,3,8,Mid Value,0.13643799933070308,-0.21655579001844824,Loyal Customers,💛,#f59e0b
C01366,9,3,926.67,2,5,2,3,10,Mid Value,-0.07307582760416512,0.5207512381216198,At-Risk Customers,⚠️,#f97316
C01367,361,2,178.82999999999998,1,1,1,1,3,Low Value,0.7230753277405021,-0.17318003719929478,Lost / Inactive,❌,#ef4444
C01368,232,3,175.35,1,1,2,1,4,Low Value,0.5819969690565026,-0.10653026946913735,Lost / Inactive,❌,#ef4444
C01369,62,2,282.25,2,4,1,1,6,Low Value,0.3561279124679192,0.3562860215882951,At-Risk Customers,⚠️,#f97316
C01370,46,3,879.59,2,4,2,3,9,Mid Value,0.06099225906925793,0.32130589852029856,At-Risk Customers,⚠️,#f97316
C01371,67,7,873.95,3,4,3,3,10,Mid Value,-0.04883970972276808,0.0804813601235436,Loyal Customers,💛,#f59e0b
C01372,41,17,5046.64,0,4,5,5,14,High Value,-0.5337453091663227,0.006238066508922438,Champions,🏆,#22c55e
C01373,361,1,81.48,1,1,1,1,3,Low Value,0.845371624104587,-0.0996421711293405,Lost / Inactive,❌,#ef4444
C01374,174,4,847.27,1,2,2,3,7,Mid Value,0.2641103310761833,-0.15396103000345637,Lost / Inactive,❌,#ef4444
C01375,107,6,892.74,3,3,3,3,9,Mid Value,0.0670536352663103,-0.05598502695814278,Loyal Customers,💛,#f59e0b
C01376,217,6,794.26,3,1,3,3,7,Mid Value,0.22723199214235562,-0.2747202707360201,Loyal Customers,💛,#f59e0b
C01377,61,6,819.36,2,4,3,3,10,Mid Value,-0.019098512007673138,0.1457610456739413,At-Risk Customers,⚠️,#f97316
C01378,61,20,7335.1900000000005,0,4,5,5,14,High Value,-0.5463971123866879,-0.1428699352410689,Champions,🏆,#22c55e
C01379,30,11,9733.72,0,5,4,5,14,High Value,-0.5505397476329775,0.10239197055246577,Champions,🏆,#22c55e
C01380,13,20,15382.789999999999,0,5,5,5,15,High Value,-0.7222671022208728,0.1068204827626181,Champions,🏆,#22c55e
C01381,24,16,10736.48,0,5,5,5,15,High Value,-0.629467566999153,0.0869666287224748,Champions,🏆,#22c55e
C01382,163,7,1045.86,3,2,3,3,8,Mid Value,0.06701081204836949,-0.22434319397287994,Loyal Customers,💛,#f59e0b
C01383,96,6,2252.89,3,3,3,4,10,Mid Value,-0.08971293112393995,-0.08092974784769023,Loyal Customers,💛,#f59e0b
C01384,91,2,435.47,2,3,1,2,6,Low Value,0.37759633713287233,0.19341452549722676,At-Risk Customers,⚠️,#f97316
C01385,171,10,1457.93,3,2,4,4,10,Mid Value,-0.08054496725938509,-0.3447315878856889,Loyal Customers,💛,#f59e0b
C01386,171,3,227.10999999999996,1,2,2,1,5,Low Value,0.49900330908719454,-0.029234033507548624,Lost / Inactive,❌,#ef4444
C01387,361,2,224.03,1,1,1,1,3,Low Value,0.6942040158673035,-0.1848381306894902,Lost / Inactive,❌,#ef4444
C01388,63,13,4913.52,0,4,4,4,12,High Value,-0.41374281538149893,-0.0741818732599897,Champions,🏆,#22c55e
C01389,46,17,4910.59,0,4,5,4,13,High Value,-0.5146824881853914,-0.01696303089327882,Champions,🏆,#22c55e
C01390,15,19,14461.07,0,5,5,5,15,High Value,-0.7029436215403928,0.10544285097231307,Champions,🏆,#22c55e
C01391,34,7,1133.63,2,5,3,3,11,Mid Value,-0.21764265169602987,0.24565704520827567,At-Risk Customers,⚠️,#f97316
C01392,58,15,4541.45,0,4,4,4,12,High Value,-0.43823589704135685,-0.06430145835343548,Champions,🏆,#22c55e
C01393,126,3,784.1400000000001,1,2,2,3,7,Mid Value,0.2587588853737105,0.023987433010086875,Lost / Inactive,❌,#ef4444
C01394,12,14,10658.03,0,5,4,5,14,High Value,-0.6379153533129612,0.1737083154985873,Champions,🏆,#22c55e
C01395,272,2,197.65,1,1,1,1,3,Low Value,0.6629634872194627,-0.08451329937635597,Lost / Inactive,❌,#ef4444
C01396,214,5,295.59000000000003,1,1,2,1,4,Low Value,0.41906810754554613,-0.1812466158455956,Lost / Inactive,❌,#ef4444
C01397,149,8,886.35,3,2,3,3,8,Mid Value,0.04479021389584095,-0.20828225865801456,Loyal Customers,💛,#f59e0b
C01398,40,7,978.75,2,4,3,3,10,Mid Value,-0.1685246130468497,0.21541367349552099,At-Risk Customers,⚠️,#f97316
C01399,7,14,10507.52,0,5,4,5,14,High Value,-0.6508991197800535,0.2025605090176224,Champions,🏆,#22c55e
C01400,27,13,9931.85,0,5,4,5,14,High Value,-0.579282324875569,0.10722812110313062,Champions,🏆,#22c55e
C01401,33,27,18123.31,0,5,5,5,15,High Value,-0.6868285978241683,-0.004298753304677096,Champions,🏆,#22c55e
C01402,361,2,194.63,1,1,1,1,3,Low Value,0.7155436811648851,-0.17622127897934578,Lost / Inactive,❌,#ef4444
C01403,142,8,1417.66,3,2,3,4,9,Mid Value,-0.062912894209299,-0.22193914043201063,Loyal Customers,💛,#f59e0b
C01404,361,1,137.82,1,1,1,1,3,Low Value,0.8265425076655444,-0.10724527557946792,Lost / Inactive,❌,#ef4444
C01405,69,7,1052.56,3,3,3,3,9,Mid Value,-0.08995869271255352,0.05215756991169198,Loyal Customers,💛,#f59e0b
C01406,3,41,29871.489999999998,0,5,5,5,15,High Value,-0.825267583195216,0.11086731619596495,Champions,🏆,#22c55e
C01407,3,3,355.84,2,5,2,2,9,Mid Value,0.0824522526269645,0.6059275376402221,At-Risk Customers,⚠️,#f97316
C01408,104,9,2604.84,3,3,4,4,11,Mid Value,-0.2025478577696864,-0.18896872606456408,Loyal Customers,💛,#f59e0b
C01409,15,40,28650.66,0,5,5,5,15,High Value,-0.7877355494765387,0.056602996028461104,Champions,🏆,#22c55e
C01410,41,8,1025.75,2,4,3,3,10,Mid Value,-0.21134878114645525,0.1773398668595503,At-Risk Customers,⚠️,#f97316
C01411,77,20,6826.37,0,3,5,5,13,High Value,-0.4942115537062825,-0.2283444589104756,Champions,🏆,#22c55e
C01412,29,4,516.56,2,5,2,2,9,Mid Value,0.04153766862428432,0.4199517592923418,At-Risk Customers,⚠️,#f97316
C01413,271,2,213.38,1,1,1,1,3,Low Value,0.6459634046525249,-0.0871159771540806,Lost / Inactive,❌,#ef4444
C01414,159,3,468.36,1,2,2,2,6,Low Value,0.3867451071642123,-0.03194462430440439,Lost / Inactive,❌,#ef4444
C01415,328,2,165.72,1,1,1,1,3,Low Value,0.698363069235588,-0.11496877653121632,Lost / Inactive,❌,#ef4444
C01416,182,8,1505.0,3,2,3,4,9,Mid Value,-0.016106681601608316,-0.3308951765734058,Loyal Customers,💛,#f59e0b
C01417,7,49,36338.92,0,5,5,5,15,High Value,-0.8548344126926802,0.08127566329750092,Champions,🏆,#22c55e
C01418,143,8,1050.46,3,2,3,3,8,Mid Value,-0.004004558122541523,-0.20347958430959964,Loyal Customers,💛,#f59e0b
C01419,361,3,267.51,1,1,2,1,4,Low Value,0.5968657549443104,-0.24649543634590787,Lost / Inactive,❌,#ef4444
C01420,329,3,204.96999999999997,1,1,2,1,4,Low Value,0.6019932030204467,-0.178365985078822,Lost / Inactive,❌,#ef4444
C01421,83,9,2085.9,3,3,4,4,11,Mid Value,-0.22795982471572518,-0.11292704904133052,Loyal Customers,💛,#f59e0b
C01422,11,21,13366.9,0,5,5,5,15,High Value,-0.7272570539634318,0.12165667994338626,Champions,🏆,#22c55e
C01423,174,10,1890.56,3,2,4,4,10,Mid Value,-0.10263751617762144,-0.36856900161420525,Loyal Customers,💛,#f59e0b
C01424,226,3,378.2,1,1,2,2,5,Low Value,0.4804988644634907,-0.1368600245238482,Lost / Inactive,❌,#ef4444
C01425,45,3,471.06,2,4,2,2,8,Mid Value,0.16179065522114533,0.369466069930164,At-Risk Customers,⚠️,#f97316
C01426,299,3,157.49,1,1,2,1,4,Low Value,0.6142226806823439,-0.14785655141439677,Lost / Inactive,❌,#ef4444
C01427,71,8,2526.0,3,3,3,4,10,Mid Value,-0.23985762911039388,-0.036610776284186596,Loyal Customers,💛,#f59e0b
C01428,65,5,621.48,2,4,2,2,8,Mid Value,0.08741532911457096,0.17707981983825075,At-Risk Customers,⚠️,#f97316
C01429,23,30,20812.29,0,5,5,5,15,High Value,-0.723828750105371,0.03490326091178989,Champions,🏆,#22c55e
C01430,164,5,875.3199999999999,3,2,2,3,7,Mid Value,0.19837070216691918,-0.15209619817575573,Loyal Customers,💛,#f59e0b
C01431,53,15,4311.28,0,4,4,4,12,High Value,-0.4421458627821449,-0.029654372903143624,Champions,🏆,#22c55e
C01432,333,2,73.19,1,1,1,1,3,Low Value,0.738639606515811,-0.10722905282572383,Lost / Inactive,❌,#ef4444
C01433,67,5,1481.51,3,4,2,4,10,Mid Value,-0.07352848409865341,0.09610948173319742,Loyal Customers,💛,#f59e0b
C01434,15,48,33665.15,0,5,5,5,15,High Value,-0.8224113834343337,0.03683265338544859,Champions,🏆,#22c55e
C01435,361,2,169.79999999999998,1,1,1,1,3,Low Value,0.7268411510283107,-0.17165941630926929,Lost / Inactive,❌,#ef4444
C01436,7,2,200.23,2,5,1,1,7,Mid Value,0.23581185896784937,0.6774203711498477,At-Risk Customers,⚠️,#f97316
C01437,62,14,4369.55,0,4,4,4,12,High Value,-0.40505562335303275,-0.06788647754308058,Champions,🏆,#22c55e
C01438,93,8,1209.19,3,3,3,3,9,Mid Value,-0.09621616127113287,-0.09581053393895032,Loyal Customers,💛,#f59e0b
C01439,361,3,198.91,1,1,2,1,4,Low Value,0.6370345366809346,-0.23027548018563598,Lost / Inactive,❌,#ef4444
C01440,201,5,964.19,3,1,2,3,6,Low Value,0.2118218777177881,-0.24255679539944863,Loyal Customers,💛,#f59e0b
C01441,47,5,2031.61,2,4,2,4,10,Mid Value,-0.16939815499145403,0.1937776787590413,At-Risk Customers,⚠️,#f97316
C01442,5,3,887.25,2,5,2,3,10,Mid Value,-0.06798336125286798,0.5419859740724111,At-Risk Customers,⚠️,#f97316
C01443,31,41,32436.1,0,5,5,5,15,High Value,-0.7575513222798016,-0.030133127617998298,Champions,🏆,#22c55e
C01444,28,16,9915.3,0,5,5,5,15,High Value,-0.6144756424821389,0.0738418708518192,Champions,🏆,#22c55e
C01445,13,36,30191.29,0,5,5,5,15,High Value,-0.7911828220094093,0.06979924844897668,Champions,🏆,#22c55e
C01446,128,9,1358.01,3,2,4,3,9,Mid Value,-0.10852681938822188,-0.20321142361821032,Loyal Customers,💛,#f59e0b
C01447,212,4,351.15,1,1,2,2,5,Low Value,0.438881761650604,-0.15584100811291018,Lost / Inactive,❌,#ef4444
C01448,331,1,82.17,1,1,1,1,3,Low Value,0.8160329031476112,-0.04969186091487824,Lost / Inactive,❌,#ef4444
C01449,6,37,26113.34,0,5,5,5,15,High Value,-0.8085731389477149,0.11426400230779442,Champions,🏆,#22c55e
C01450,93,3,370.42,2,3,2,2,7,Mid Value,0.33154520363211076,0.1418120296951803,At-Risk Customers,⚠️,#f97316
C01451,141,1,156.06,1,2,1,1,4,Low Value,0.6515863321751415,0.18223645036133662,Lost / Inactive,❌,#ef4444
C01452,244,1,21.22,1,1,1,1,3,Low Value,0.7981707762318795,0.015547320945637681,Lost / Inactive,❌,#ef4444
C01453,19,2,531.71,2,5,1,2,8,Mid Value,0.13849381156689414,0.5539518549069787,At-Risk Customers,⚠️,#f97316
C01454,276,5,399.09000000000003,1,1,2,2,5,Low Value,0.4035038287702371,-0.2471976002191666,Lost / Inactive,❌,#ef4444
C01455,24,22,17965.4,0,5,5,5,15,High Value,-0.6997206217976935,0.04273565905436277,Champions,🏆,#22c55e
C01456,21,2,207.52999999999997,2,5,1,1,7,Mid Value,0.27553423544446876,0.5922406156683446,At-Risk Customers,⚠️,#f97316
C01457,345,5,346.95,1,1,2,2,5,Low Value,0.4565850083397341,-0.27903707900868724,Lost / Inactive,❌,#ef4444
C01458,196,3,337.49,1,1,2,2,5,Low Value,0.4851785020950811,-0.09554809569670555,Lost / Inactive,❌,#ef4444
C01459,35,15,5054.41,0,5,4,5,14,High Value,-0.5353076671838981,0.06591084341592578,Champions,🏆,#22c55e
C01460,16,35,26030.12,0,5,5,5,15,High Value,-0.7672656401127186,0.057803113146936105,Champions,🏆,#22c55e
C01461,58,11,3736.08,0,4,4,4,12,High Value,-0.3721256323999559,-0.02480779567307778,Champions,🏆,#22c55e
C01462,16,45,33372.41,0,5,5,5,15,High Value,-0.8167983328197274,0.029509964005109548,Champions,🏆,#22c55e
C01463,58,16,3699.45,0,4,5,4,13,High Value,-0.42725641278953985,-0.06365351690643324,Champions,🏆,#22c55e
C01464,65,4,562.33,2,4,2,2,8,Mid Value,0.1422871051502659,0.21131438472318542,At-Risk Customers,⚠️,#f97316
C01465,101,1,232.88,1,3,1,1,5,Low Value,0.5565241252670642,0.2535939985772459,Lost / Inactive,❌,#ef4444
C01466,166,9,1639.56,3,2,4,4,10,Mid Value,-0.07841561617136104,-0.3263670979589016,Loyal Customers,💛,#f59e0b
C01467,16,10,8033.68,0,5,4,5,14,High Value,-0.5637137253752671,0.18361998718181094,Champions,🏆,#22c55e
C01468,67,6,759.53,2,4,3,3,10,Mid Value,0.018614301234482246,0.11943604374589017,At-Risk Customers,⚠️,#f97316
C01469,55,8,3433.84,0,4,3,4,11,Mid Value,-0.30074054670677663,0.05067913646314928,Champions,🏆,#22c55e
C01470,91,3,695.28,2,3,2,2,7,Mid Value,0.23381292232690748,0.11300289553049471,At-Risk Customers,⚠️,#f97316
C01471,10,2,219.14,2,5,1,1,7,Mid Value,0.22772464640408735,0.6560418393846339,At-Risk Customers,⚠️,#f97316
C01472,201,10,1806.46,3,1,4,4,9,Mid Value,-0.07494870491493104,-0.41279272952509266,Loyal Customers,💛,#f59e0b
C01473,58,4,518.53,2,4,2,2,8,Mid Value,0.13296140642738327,0.25016743158702626,At-Risk Customers,⚠️,#f97316
C01474,274,3,185.04,1,1,2,1,4,Low Value,0.5939227787268333,-0.1390060645849725,Lost / Inactive,❌,#ef4444
C01475,52,3,463.77,2,4,2,2,8,Mid Value,0.18609008500635285,0.3313320021384365,At-Risk Customers,⚠️,#f97316
C01476,133,8,1075.91,3,2,3,3,8,Mid Value,-0.02828579445305898,-0.179189253460641,Loyal Customers,💛,#f59e0b
C01477,10,37,28041.51,0,5,5,5,15,High Value,-0.7982076768827612,0.09287829398352207,Champions,🏆,#22c55e
C01478,155,3,491.4,1,2,2,2,6,Low Value,0.3741741694168251,-0.02316962366172154,Lost / Inactive,❌,#ef4444
C01479,106,15,5941.08,3,3,4,5,12,High Value,-0.3653893776807221,-0.286336829303976,Loyal Customers,💛,#f59e0b
C01480,174,10,1705.59,3,2,4,4,10,Mid Value,-0.0938505951727334,-0.3650208862041452,Loyal Customers,💛,#f59e0b
C01481,177,1,225.56,1,2,1,1,4,Low Value,0.6675844434939295,0.0651021265121233,Lost / Inactive,❌,#ef4444
C01482,172,1,277.86,1,2,1,1,4,Low Value,0.6361843893075019,0.06627402270467958,Lost / Inactive,❌,#ef4444
C01483,21,35,30971.21,0,5,5,5,15,High Value,-0.7668346179383231,0.023882183327815262,Champions,🏆,#22c55e
C01484,137,4,491.47,1,2,2,2,6,Low Value,0.29638640751247214,-0.013071955171525892,Lost / Inactive,❌,#ef4444
C01485,141,10,1567.0500000000002,3,2,4,4,10,Mid Value,-0.1375543060243602,-0.2644012867031077,Loyal Customers,💛,#f59e0b
C01486,304,5,451.68,1,1,2,2,5,Low Value,0.39521929857396665,-0.26545940401758894,Lost / Inactive,❌,#ef4444
C01487,226,3,160.2,1,1,2,1,4,Low Value,0.5834313676635904,-0.09529638686315152,Lost / Inactive,❌,#ef4444
C01488,72,2,518.06,2,3,1,2,6,Low Value,0.30417886869848454,0.26179196500170904,At-Risk Customers,⚠️,#f97316
C01489,217,3,458.03,1,1,2,2,5,Low Value,0.4517171146792013,-0.14315461352605507,Lost / Inactive,❌,#ef4444
C01490,83,19,4791.7,0,3,5,4,12,High Value,-0.42378006978138955,-0.23039428982238677,Champions,🏆,#22c55e
C01491,342,4,296.88,1,1,2,1,4,Low Value,0.5092331152383077,-0.24356948486257246,Lost / Inactive,❌,#ef4444
C01492,360,2,201.45,1,1,1,1,3,Low Value,0.6930914787064721,-0.14693052145798405,Lost / Inactive,❌,#ef4444
C01493,51,15,5321.86,0,4,4,5,13,High Value,-0.49228547131870604,-0.030722076672726174,Champions,🏆,#22c55e
C01494,41,8,2522.71,0,4,3,4,11,Mid Value,-0.3305998519270587,0.12918687200874304,Champions,🏆,#22c55e
C01495,42,45,32529.850000000002,0,4,5,5,14,High Value,-0.7390398764701545,-0.10743549076878482,Champions,🏆,#22c55e
C01496,90,10,2748.78,3,3,4,4,11,Mid Value,-0.2532396815187455,-0.15875255429343385,Loyal Customers,💛,#f59e0b
C01497,163,9,1064.73,3,2,4,3,9,Mid Value,-0.01403837192297958,-0.27906252487651384,Loyal Customers,💛,#f59e0b
C01498,204,8,1232.39,3,1,3,3,7,Mid Value,0.041314080698532096,-0.35672048143050666,Loyal Customers,💛,#f59e0b
C01499,197,7,884.5,3,1,3,3,7,Mid Value,0.14776260942586592,-0.28656266373051975,Loyal Customers,💛,#f59e0b
C01500,72,5,514.5,2,3,2,2,7,Mid Value,0.13875703690087265,0.14560341886431583,At-Risk Customers,⚠️,#f97316
